{"cameraMode":{"drawMode":0,"name":"Shaded","section":"Shading Mode"},"sceneLighting":false,"audioPlay":false,"sceneViewState":{"showFog":true,"showMaterialUpdate":false,"showSkybox":true,"showFlares":true,"showImageEffects":true,"showParticleSystems":true},"in2DMode":false,"pivot":{"x":-2.8260974884033205,"y":-0.5240621566772461,"z":6.362180233001709},"rotation":{"x":-0.17218205332756043,"y":0.6495792865753174,"z":-0.1544249951839447,"w":-0.7242603302001953},"size":14.422139167785645,"orthographic":false}