{"cameraMode":{"drawMode":0,"name":"Shaded","section":"Shading Mode"},"sceneLighting":false,"audioPlay":false,"sceneViewState":{"showFog":true,"showMaterialUpdate":false,"showSkybox":true,"showFlares":true,"showImageEffects":true,"showParticleSystems":true},"in2DMode":false,"pivot":{"x":0.53961181640625,"y":1.2299996614456177,"z":10.94488525390625},"rotation":{"x":-0.2467804104089737,"y":0.523320198059082,"z":-0.16153419017791749,"w":-0.7994636297225952},"size":15.070201873779297,"orthographic":false}