{"cameraMode":{"drawMode":0,"name":"Shaded","section":"Shading Mode"},"sceneLighting":false,"audioPlay":false,"sceneViewState":{"showFog":true,"showMaterialUpdate":false,"showSkybox":true,"showFlares":true,"showImageEffects":true,"showParticleSystems":true},"in2DMode":false,"pivot":{"x":-9.204689025878907,"y":8.03955078125,"z":-7.738187789916992},"rotation":{"x":0.08309968560934067,"y":-0.8721581101417542,"z":0.45505231618881228,"w":0.15925464034080506},"size":19.42196273803711,"orthographic":false}