{"cameraMode":{"drawMode":0,"name":"Shaded","section":"Shading Mode"},"sceneLighting":false,"audioPlay":false,"sceneViewState":{"showFog":true,"showMaterialUpdate":false,"showSkybox":true,"showFlares":true,"showImageEffects":true,"showParticleSystems":true},"in2DMode":false,"pivot":{"x":-0.35145092010498049,"y":1.2691459655761719,"z":0.5623397827148438},"rotation":{"x":0.19229640066623689,"y":-0.4670886993408203,"z":0.10484744608402252,"w":0.856654703617096},"size":10.494791984558106,"orthographic":false}