{"cameraMode":{"drawMode":0,"name":"Shaded","section":"Shading Mode"},"sceneLighting":false,"audioPlay":false,"sceneViewState":{"showFog":true,"showMaterialUpdate":false,"showSkybox":true,"showFlares":true,"showImageEffects":true,"showParticleSystems":true},"in2DMode":false,"pivot":{"x":0.0,"y":0.9446462392807007,"z":-0.2054770439863205},"rotation":{"x":0.2896097004413605,"y":-0.14400522410869599,"z":0.04412185028195381,"w":0.9452206492424011},"size":5.134346961975098,"orthographic":false}