{"cameraMode":{"drawMode":0,"name":"Shaded","section":"Shading Mode"},"sceneLighting":false,"audioPlay":false,"sceneViewState":{"showFog":true,"showMaterialUpdate":false,"showSkybox":true,"showFlares":true,"showImageEffects":true,"showParticleSystems":true},"in2DMode":false,"pivot":{"x":-0.007950305938720703,"y":0.9698284864425659,"z":5.407196044921875},"rotation":{"x":0.2672033905982971,"y":0.11242876946926117,"z":-0.031406477093696597,"w":0.9565436840057373},"size":13.384243965148926,"orthographic":false}