{"cameraMode":{"drawMode":0,"name":"Shaded","section":"Shading Mode"},"sceneLighting":false,"audioPlay":false,"sceneViewState":{"showFog":true,"showMaterialUpdate":false,"showSkybox":true,"showFlares":true,"showImageEffects":true,"showParticleSystems":true},"in2DMode":false,"pivot":{"x":222.4683837890625,"y":1278.1033935546875,"z":108.7552490234375},"rotation":{"x":0.11131659150123596,"y":0.030083106830716134,"z":0.0033767838031053545,"w":-0.9933238625526428},"size":899.8611450195313,"orthographic":false}