{"cameraMode":{"drawMode":0,"name":"Shaded","section":"Shading Mode"},"sceneLighting":false,"audioPlay":false,"sceneViewState":{"showFog":true,"showMaterialUpdate":false,"showSkybox":true,"showFlares":true,"showImageEffects":true,"showParticleSystems":true},"in2DMode":false,"pivot":{"x":-1.834562063217163,"y":-0.7705532312393189,"z":2.7862062454223635},"rotation":{"x":-0.2043946236371994,"y":0.4110865890979767,"z":-0.09512429684400559,"w":-0.8832790851593018},"size":5.833698272705078,"orthographic":false}