{"cameraMode":{"drawMode":0,"name":"Shaded","section":"Shading Mode"},"sceneLighting":false,"audioPlay":false,"sceneViewState":{"showFog":true,"showMaterialUpdate":false,"showSkybox":true,"showFlares":true,"showImageEffects":true,"showParticleSystems":true},"in2DMode":false,"pivot":{"x":86.791259765625,"y":-33.226219177246097,"z":-78.79312133789063},"rotation":{"x":0.2896097004413605,"y":-0.14400522410869599,"z":0.04412185028195381,"w":0.9452206492424011},"size":5.139016628265381,"orthographic":false}