{"cameraMode":{"drawMode":0,"name":"Shaded","section":"Shading Mode"},"sceneLighting":true,"audioPlay":false,"sceneViewState":{"showFog":true,"showMaterialUpdate":false,"showSkybox":true,"showFlares":true,"showImageEffects":true,"showParticleSystems":true},"in2DMode":false,"pivot":{"x":-0.8234598636627197,"y":7.342545509338379,"z":0.7527732849121094},"rotation":{"x":-0.12944009900093079,"y":-0.03807343542575836,"z":0.004977897275239229,"w":-0.9908435344696045},"size":40.39601135253906,"orthographic":false}