{"cameraMode":{"drawMode":0,"name":"Shaded","section":"Shading Mode"},"sceneLighting":false,"audioPlay":false,"sceneViewState":{"showFog":true,"showMaterialUpdate":false,"showSkybox":true,"showFlares":true,"showImageEffects":true,"showParticleSystems":true},"in2DMode":false,"pivot":{"x":52.764183044433597,"y":-3.5299301147460939,"z":-6.4024505615234379},"rotation":{"x":-0.30762308835983279,"y":0.16026358306407929,"z":-0.05264732241630554,"w":-0.9364357590675354},"size":18.173053741455079,"orthographic":false}