{"cameraMode":{"drawMode":0,"name":"Shaded","section":"Shading Mode"},"sceneLighting":false,"audioPlay":false,"sceneViewState":{"showFog":true,"showMaterialUpdate":false,"showSkybox":true,"showFlares":true,"showImageEffects":true,"showParticleSystems":true},"in2DMode":false,"pivot":{"x":-2.384185791015625e-7,"y":0.9305466413497925,"z":-0.2054770439863205},"rotation":{"x":-0.24619440734386445,"y":-0.12260379642248154,"z":0.0314120277762413,"w":-0.9609214067459106},"size":5.160521984100342,"orthographic":false}