{"cameraMode":{"drawMode":0,"name":"Shaded","section":"Shading Mode"},"sceneLighting":false,"audioPlay":false,"sceneViewState":{"showFog":true,"showMaterialUpdate":false,"showSkybox":true,"showFlares":true,"showImageEffects":true,"showParticleSystems":true},"in2DMode":false,"pivot":{"x":-0.0000095367431640625,"y":0.19780302047729493,"z":6.34461784362793},"rotation":{"x":-0.292992502450943,"y":0.4893988072872162,"z":-0.17886456847190858,"w":-0.8016555905342102},"size":3.3424317836761476,"orthographic":false}