{"cameraMode":{"drawMode":0,"name":"Shaded","section":"Shading Mode"},"sceneLighting":false,"audioPlay":false,"sceneViewState":{"showFog":true,"showMaterialUpdate":false,"showSkybox":true,"showFlares":true,"showImageEffects":true,"showParticleSystems":true},"in2DMode":false,"pivot":{"x":-3.5762786865234377e-7,"y":0.9425312280654907,"z":-0.2054770439863205},"rotation":{"x":0.2896097004413605,"y":-0.14400522410869599,"z":0.04412185028195381,"w":0.9452206492424011},"size":2.439027786254883,"orthographic":false}