{"cameraMode":{"drawMode":0,"name":"Shaded","section":"Shading Mode"},"sceneLighting":false,"audioPlay":false,"sceneViewState":{"showFog":true,"showMaterialUpdate":false,"showSkybox":true,"showFlares":true,"showImageEffects":true,"showParticleSystems":true},"in2DMode":false,"pivot":{"x":-0.0660243034362793,"y":0.1521604061126709,"z":0.34679028391838076},"rotation":{"x":0.095863938331604,"y":0.6842818856239319,"z":-0.09148073941469193,"w":0.7170773148536682},"size":8.25279712677002,"orthographic":false}