{"cameraMode":{"drawMode":0,"name":"Shaded","section":"Shading Mode"},"sceneLighting":true,"audioPlay":false,"sceneViewState":{"showFog":true,"showMaterialUpdate":false,"showSkybox":true,"showFlares":true,"showImageEffects":true,"showParticleSystems":true},"in2DMode":false,"pivot":{"x":78.83375549316406,"y":-36.56841278076172,"z":-85.29148864746094},"rotation":{"x":0.07014156132936478,"y":-0.8906936049461365,"z":0.14722532033920289,"w":0.42434635758399966},"size":14.031271934509278,"orthographic":false}