{"cameraMode":{"drawMode":0,"name":"Shaded","section":"Shading Mode"},"sceneLighting":false,"audioPlay":false,"sceneViewState":{"showFog":true,"showMaterialUpdate":false,"showSkybox":true,"showFlares":true,"showImageEffects":true,"showParticleSystems":true},"in2DMode":false,"pivot":{"x":-0.0691530704498291,"y":0.5871495008468628,"z":0.6697638034820557},"rotation":{"x":-0.24083364009857179,"y":-0.3545956611633301,"z":0.09506390243768692,"w":-0.8984564542770386},"size":2.8906571865081789,"orthographic":false}