{"cameraMode":{"drawMode":0,"name":"Shaded","section":"Shading Mode"},"sceneLighting":false,"audioPlay":false,"sceneViewState":{"showFog":true,"showMaterialUpdate":false,"showSkybox":true,"showFlares":true,"showImageEffects":true,"showParticleSystems":true},"in2DMode":false,"pivot":{"x":-8.95328426361084,"y":-0.8697233200073242,"z":19.085060119628908},"rotation":{"x":-0.1763230264186859,"y":0.3506183624267578,"z":-0.06738685816526413,"w":-0.9172982573509216},"size":20.710777282714845,"orthographic":false}