{"cameraMode":{"drawMode":0,"name":"Shaded","section":"Shading Mode"},"sceneLighting":false,"audioPlay":false,"sceneViewState":{"showFog":true,"showMaterialUpdate":false,"showSkybox":true,"showFlares":true,"showImageEffects":true,"showParticleSystems":true},"in2DMode":false,"pivot":{"x":5.830835819244385,"y":2.487833023071289,"z":85.08946990966797},"rotation":{"x":-0.12299877405166626,"y":0.7179343700408936,"z":-0.13130398094654084,"w":-0.672458827495575},"size":4.662224769592285,"orthographic":false}