{"cameraMode":{"drawMode":0,"name":"Shaded","section":"Shading Mode"},"sceneLighting":false,"audioPlay":false,"sceneViewState":{"showFog":true,"showMaterialUpdate":false,"showSkybox":true,"showFlares":true,"showImageEffects":true,"showParticleSystems":true},"in2DMode":false,"pivot":{"x":265.3846130371094,"y":419.1825256347656,"z":20.655471801757814},"rotation":{"x":-0.19347630441188813,"y":-0.41512882709503176,"z":0.09083437919616699,"w":-0.8842986822128296},"size":818.7206420898438,"orthographic":false}