{"cameraMode":{"drawMode":0,"name":"Shaded","section":"Shading Mode"},"sceneLighting":true,"audioPlay":false,"sceneViewState":{"showFog":true,"showMaterialUpdate":false,"showSkybox":true,"showFlares":true,"showImageEffects":true,"showParticleSystems":true},"in2DMode":false,"pivot":{"x":2.8150477409362795,"y":11.054964065551758,"z":24.798921585083009},"rotation":{"x":0.1864982694387436,"y":-0.04683050513267517,"z":0.008898856118321419,"w":0.9812982082366943},"size":7.978765964508057,"orthographic":false}