{"cameraMode":{"drawMode":0,"name":"Shaded","section":"Shading Mode"},"sceneLighting":false,"audioPlay":false,"sceneViewState":{"showFog":true,"showMaterialUpdate":false,"showSkybox":true,"showFlares":true,"showImageEffects":true,"showParticleSystems":true},"in2DMode":false,"pivot":{"x":-0.5440000295639038,"y":1.2300000190734864,"z":9.649999618530274},"rotation":{"x":0.19229640066623689,"y":-0.4670886993408203,"z":0.10484744608402252,"w":0.856654703617096},"size":2.4304795265197756,"orthographic":false}