{"cameraMode":{"drawMode":0,"name":"Shaded","section":"Shading Mode"},"sceneLighting":false,"audioPlay":false,"sceneViewState":{"showFog":true,"showMaterialUpdate":false,"showSkybox":true,"showFlares":true,"showImageEffects":true,"showParticleSystems":true},"in2DMode":false,"pivot":{"x":0.2184009552001953,"y":-2.990361213684082,"z":17.17312240600586},"rotation":{"x":-0.304595023393631,"y":0.39117929339408877,"z":-0.13898858428001405,"w":-0.8572530746459961},"size":20.045181274414064,"orthographic":false}