{"cameraMode":{"drawMode":0,"name":"Shaded","section":"Shading Mode"},"sceneLighting":false,"audioPlay":false,"sceneViewState":{"showFog":true,"showMaterialUpdate":false,"showSkybox":true,"showFlares":true,"showImageEffects":true,"showParticleSystems":true},"in2DMode":false,"pivot":{"x":22.228729248046876,"y":-11.088890075683594,"z":3.940715789794922},"rotation":{"x":-0.19347630441188813,"y":-0.41512882709503176,"z":0.09083437919616699,"w":-0.8842986822128296},"size":53.64606475830078,"orthographic":false}