{"cameraMode":{"drawMode":0,"name":"Shaded","section":"Shading Mode"},"sceneLighting":false,"audioPlay":false,"sceneViewState":{"showFog":true,"showMaterialUpdate":false,"showSkybox":true,"showFlares":true,"showImageEffects":true,"showParticleSystems":true},"in2DMode":false,"pivot":{"x":-0.03565800189971924,"y":0.239076167345047,"z":5.731274604797363},"rotation":{"x":-0.292992502450943,"y":0.4893988072872162,"z":-0.17886456847190858,"w":-0.8016555905342102},"size":3.186645746231079,"orthographic":false}