{"cameraMode":{"drawMode":0,"name":"Shaded","section":"Shading Mode"},"sceneLighting":false,"audioPlay":false,"sceneViewState":{"showFog":true,"showMaterialUpdate":false,"showSkybox":true,"showFlares":true,"showImageEffects":true,"showParticleSystems":true},"in2DMode":false,"pivot":{"x":-4.411620140075684,"y":-2.034146308898926,"z":8.057125091552735},"rotation":{"x":-0.30734261870384219,"y":0.2560572028160095,"z":-0.08624685555696488,"w":-0.9124345183372498},"size":18.15569305419922,"orthographic":false}