{"cameraMode":{"drawMode":0,"name":"Shaded","section":"Shading Mode"},"sceneLighting":false,"audioPlay":false,"sceneViewState":{"showFog":true,"showMaterialUpdate":false,"showSkybox":true,"showFlares":true,"showImageEffects":true,"showParticleSystems":true},"in2DMode":false,"pivot":{"x":0.5626132488250732,"y":0.5991249084472656,"z":1.5484226942062379},"rotation":{"x":0.12830111384391786,"y":0.5638050436973572,"z":-0.08919112384319306,"w":0.8109917640686035},"size":5.1219706535339359,"orthographic":false}