{"cameraMode":{"drawMode":0,"name":"Shaded","section":"Shading Mode"},"sceneLighting":true,"audioPlay":false,"sceneViewState":{"showFog":true,"showMaterialUpdate":false,"showSkybox":true,"showFlares":true,"showImageEffects":true,"showParticleSystems":true},"in2DMode":false,"pivot":{"x":2.8007845878601076,"y":-1.792039155960083,"z":1.9817601442337037},"rotation":{"x":0.17352856695652009,"y":0.5845749378204346,"z":-0.12974001467227937,"w":0.781874418258667},"size":9.694293022155762,"orthographic":false}