{"cameraMode":{"drawMode":0,"name":"Shaded","section":"Shading Mode"},"sceneLighting":false,"audioPlay":false,"sceneViewState":{"showFog":true,"showMaterialUpdate":false,"showSkybox":true,"showFlares":true,"showImageEffects":true,"showParticleSystems":true},"in2DMode":false,"pivot":{"x":-7.152557373046875e-7,"y":1.092207670211792,"z":5.25},"rotation":{"x":0.21151576936244965,"y":0.5446261167526245,"z":-0.14424198865890504,"w":0.7986474633216858},"size":9.772082328796387,"orthographic":false}