{"cameraMode":{"drawMode":0,"name":"Shaded","section":"Shading Mode"},"sceneLighting":false,"audioPlay":false,"sceneViewState":{"showFog":true,"showMaterialUpdate":false,"showSkybox":true,"showFlares":true,"showImageEffects":true,"showParticleSystems":true},"in2DMode":false,"pivot":{"x":-0.5440000295639038,"y":0.826134443283081,"z":30.98822021484375},"rotation":{"x":0.19229641556739808,"y":-0.4670887291431427,"z":0.10484745353460312,"w":0.8566547632217407},"size":2.1637678146362306,"orthographic":false}