{"cameraMode":{"drawMode":0,"name":"Shaded","section":"Shading Mode"},"sceneLighting":false,"audioPlay":false,"sceneViewState":{"showFog":true,"showMaterialUpdate":false,"showSkybox":true,"showFlares":true,"showImageEffects":true,"showParticleSystems":true},"in2DMode":false,"pivot":{"x":0.0,"y":0.5976850390434265,"z":4.407567024230957},"rotation":{"x":-0.22250419855117799,"y":0.012276045978069306,"z":-0.002799765206873417,"w":-0.9748504757881165},"size":14.422139167785645,"orthographic":false}