{"cameraMode":{"drawMode":0,"name":"Shaded","section":"Shading Mode"},"sceneLighting":false,"audioPlay":false,"sceneViewState":{"showFog":true,"showMaterialUpdate":false,"showSkybox":true,"showFlares":true,"showImageEffects":true,"showParticleSystems":true},"in2DMode":false,"pivot":{"x":-1.8386754989624024,"y":-1.8136329650878907,"z":4.749783515930176},"rotation":{"x":-0.24665239453315736,"y":0.5647205710411072,"z":-0.18176595866680146,"w":-0.7662991881370544},"size":10.850329399108887,"orthographic":false}