{"cameraMode":{"drawMode":0,"name":"Shaded","section":"Shading Mode"},"sceneLighting":false,"audioPlay":false,"sceneViewState":{"showFog":true,"showMaterialUpdate":false,"showSkybox":true,"showFlares":true,"showImageEffects":true,"showParticleSystems":true},"in2DMode":false,"pivot":{"x":-4.246550559997559,"y":-38.91691589355469,"z":-25.477298736572267},"rotation":{"x":0.05146350711584091,"y":-0.9026250839233398,"z":0.4122142195701599,"w":0.1126897856593132},"size":62.007835388183597,"orthographic":false}