{"cameraMode":{"drawMode":0,"name":"Shaded","section":"Shading Mode"},"sceneLighting":false,"audioPlay":false,"sceneViewState":{"showFog":true,"showMaterialUpdate":false,"showSkybox":true,"showFlares":true,"showImageEffects":true,"showParticleSystems":true},"in2DMode":false,"pivot":{"x":-0.5440000295639038,"y":1.2300000190734864,"z":14.8100004196167},"rotation":{"x":0.19229638576507569,"y":-0.4670886695384979,"z":0.10484743863344193,"w":0.8566546440124512},"size":2.857884645462036,"orthographic":false}