{"cameraMode":{"drawMode":0,"name":"Shaded","section":"Shading Mode"},"sceneLighting":false,"audioPlay":false,"sceneViewState":{"showFog":true,"showMaterialUpdate":false,"showSkybox":true,"showFlares":true,"showImageEffects":true,"showParticleSystems":true},"in2DMode":false,"pivot":{"x":2.9199581146240236,"y":0.3900461196899414,"z":6.852652549743652},"rotation":{"x":-0.292992502450943,"y":0.4893988072872162,"z":-0.17886456847190858,"w":-0.8016555905342102},"size":8.42793083190918,"orthographic":false}